model,task,metric,estimate,baseline_input,aperiodic_input,flattened_input,point,ci_lower,ci_upper,ci,n_folds,n_bootstrap
linear_ridge,wake_vs_sleep,balanced_accuracy,full_log_psd,full_log_psd,aperiodic_spectrum,flattened_log_psd,0.9398824566180979,0.9230112481242193,0.9517620061200699,0.95,5,10000
linear_ridge,wake_vs_sleep,balanced_accuracy,aperiodic_spectrum,full_log_psd,aperiodic_spectrum,flattened_log_psd,0.7977653721260449,0.7572335759817669,0.836382412921548,0.95,5,10000
linear_ridge,wake_vs_sleep,balanced_accuracy,flattened_log_psd,full_log_psd,aperiodic_spectrum,flattened_log_psd,0.5,0.5,0.5,0.95,5,10000
linear_ridge,wake_vs_sleep,balanced_accuracy,retention_aperiodic,full_log_psd,aperiodic_spectrum,flattened_log_psd,0.848792704352179,0.8177960216633456,0.8856692649759327,0.95,5,10000
linear_ridge,wake_vs_sleep,balanced_accuracy,retention_flattened,full_log_psd,aperiodic_spectrum,flattened_log_psd,0.5319814158454549,0.5253414160103826,0.541705207835896,0.95,5,10000
linear_ridge,wake_vs_sleep,balanced_accuracy,drop_aperiodic,full_log_psd,aperiodic_spectrum,flattened_log_psd,0.14211708449205296,0.1087024270582907,0.169251081747252,0.95,5,10000
linear_ridge,wake_vs_sleep,balanced_accuracy,drop_flattened,full_log_psd,aperiodic_spectrum,flattened_log_psd,0.4398824566180979,0.4230112481242193,0.4517620061200699,0.95,5,10000
linear_ridge,wake_vs_sleep,macro_f1,full_log_psd,full_log_psd,aperiodic_spectrum,flattened_log_psd,0.907920933005208,0.8972264712994438,0.9186619927995616,0.95,5,10000
linear_ridge,wake_vs_sleep,macro_f1,aperiodic_spectrum,full_log_psd,aperiodic_spectrum,flattened_log_psd,0.8453856566469053,0.8085327982097666,0.8856408339097506,0.95,5,10000
linear_ridge,wake_vs_sleep,macro_f1,flattened_log_psd,full_log_psd,aperiodic_spectrum,flattened_log_psd,0.14754470737888004,0.13264456320280876,0.1682992407161909,0.95,5,10000
linear_ridge,wake_vs_sleep,macro_f1,retention_aperiodic,full_log_psd,aperiodic_spectrum,flattened_log_psd,0.9311225525428611,0.8982329670385496,0.9635339135710309,0.95,5,10000
linear_ridge,wake_vs_sleep,macro_f1,retention_flattened,full_log_psd,aperiodic_spectrum,flattened_log_psd,0.16250832205234955,0.14606669673240358,0.18521608049486768,0.95,5,10000
linear_ridge,wake_vs_sleep,macro_f1,drop_aperiodic,full_log_psd,aperiodic_spectrum,flattened_log_psd,0.0625352763583027,0.033350788466678494,0.091719764249927,0.95,5,10000
linear_ridge,wake_vs_sleep,macro_f1,drop_flattened,full_log_psd,aperiodic_spectrum,flattened_log_psd,0.760376225626328,0.742205714399703,0.777479831765271,0.95,5,10000
linear_ridge,wake_vs_sleep,accuracy,full_log_psd,full_log_psd,aperiodic_spectrum,flattened_log_psd,0.9437336261767341,0.9364955338398367,0.9517758050073519,0.95,5,10000
linear_ridge,wake_vs_sleep,accuracy,aperiodic_spectrum,full_log_psd,aperiodic_spectrum,flattened_log_psd,0.9258674982904507,0.9069353269552064,0.9447996696256948,0.95,5,10000
linear_ridge,wake_vs_sleep,accuracy,flattened_log_psd,full_log_psd,aperiodic_spectrum,flattened_log_psd,0.17382608792356147,0.15305298965352918,0.20387865636711097,0.95,5,10000
linear_ridge,wake_vs_sleep,accuracy,retention_aperiodic,full_log_psd,aperiodic_spectrum,flattened_log_psd,0.9810686751105152,0.9680199726263184,0.9939296906012299,0.95,5,10000
linear_ridge,wake_vs_sleep,accuracy,retention_flattened,full_log_psd,aperiodic_spectrum,flattened_log_psd,0.18418977887623647,0.16179499734702252,0.2173475422920214,0.95,5,10000
linear_ridge,wake_vs_sleep,accuracy,drop_aperiodic,full_log_psd,aperiodic_spectrum,flattened_log_psd,0.01786612788628339,0.005770253538773362,0.029962002233793306,0.95,5,10000
linear_ridge,wake_vs_sleep,accuracy,drop_flattened,full_log_psd,aperiodic_spectrum,flattened_log_psd,0.7699075382531726,0.7346309421792403,0.7951754178258104,0.95,5,10000
linear_ridge,n2_vs_n3,balanced_accuracy,full_log_psd,full_log_psd,aperiodic_spectrum,flattened_log_psd,0.8951978064773576,0.8578594131262693,0.9258744804449206,0.95,5,10000
linear_ridge,n2_vs_n3,balanced_accuracy,aperiodic_spectrum,full_log_psd,aperiodic_spectrum,flattened_log_psd,0.8135046937946253,0.7332792282752194,0.8902057174913892,0.95,5,10000
linear_ridge,n2_vs_n3,balanced_accuracy,flattened_log_psd,full_log_psd,aperiodic_spectrum,flattened_log_psd,0.5,0.5,0.5,0.95,5,10000
linear_ridge,n2_vs_n3,balanced_accuracy,retention_aperiodic,full_log_psd,aperiodic_spectrum,flattened_log_psd,0.9087429481041758,0.8409782634066024,0.9784598540040611,0.95,5,10000
linear_ridge,n2_vs_n3,balanced_accuracy,retention_flattened,full_log_psd,aperiodic_spectrum,flattened_log_psd,0.5585357743083864,0.5400300046716154,0.5828460845091926,0.95,5,10000
linear_ridge,n2_vs_n3,balanced_accuracy,drop_aperiodic,full_log_psd,aperiodic_spectrum,flattened_log_psd,0.08169311268273227,0.019578335533620317,0.13994577674110253,0.95,5,10000
linear_ridge,n2_vs_n3,balanced_accuracy,drop_flattened,full_log_psd,aperiodic_spectrum,flattened_log_psd,0.3951978064773576,0.35785941312626934,0.4258744804449206,0.95,5,10000
linear_ridge,n2_vs_n3,macro_f1,full_log_psd,full_log_psd,aperiodic_spectrum,flattened_log_psd,0.8617342016790905,0.8355256303634734,0.8878258795881528,0.95,5,10000
linear_ridge,n2_vs_n3,macro_f1,aperiodic_spectrum,full_log_psd,aperiodic_spectrum,flattened_log_psd,0.723679929899546,0.630868464136511,0.816491395662581,0.95,5,10000
linear_ridge,n2_vs_n3,macro_f1,flattened_log_psd,full_log_psd,aperiodic_spectrum,flattened_log_psd,0.1982913872888237,0.14873667107361208,0.26397344112593263,0.95,5,10000
linear_ridge,n2_vs_n3,macro_f1,retention_aperiodic,full_log_psd,aperiodic_spectrum,flattened_log_psd,0.8397948328956358,0.7519943592410695,0.9276295066895447,0.95,5,10000
linear_ridge,n2_vs_n3,macro_f1,retention_flattened,full_log_psd,aperiodic_spectrum,flattened_log_psd,0.23010736594004577,0.16922645413019846,0.3168175571189732,0.95,5,10000
linear_ridge,n2_vs_n3,macro_f1,drop_aperiodic,full_log_psd,aperiodic_spectrum,flattened_log_psd,0.13805427177954455,0.06292406541835782,0.2080586586323332,0.95,5,10000
linear_ridge,n2_vs_n3,macro_f1,drop_flattened,full_log_psd,aperiodic_spectrum,flattened_log_psd,0.6634428143902669,0.5749484311124102,0.7301842508242014,0.95,5,10000
linear_ridge,n2_vs_n3,accuracy,full_log_psd,full_log_psd,aperiodic_spectrum,flattened_log_psd,0.8925181335844501,0.8544545442474313,0.9243844381523427,0.95,5,10000
linear_ridge,n2_vs_n3,accuracy,aperiodic_spectrum,full_log_psd,aperiodic_spectrum,flattened_log_psd,0.760412665205032,0.6710483197152686,0.8528401258135603,0.95,5,10000
linear_ridge,n2_vs_n3,accuracy,flattened_log_psd,full_log_psd,aperiodic_spectrum,flattened_log_psd,0.2575547537587993,0.17513218751601492,0.37402876115397266,0.95,5,10000
linear_ridge,n2_vs_n3,accuracy,retention_aperiodic,full_log_psd,aperiodic_spectrum,flattened_log_psd,0.8519856757992489,0.7707320029138683,0.9371733574087991,0.95,5,10000
linear_ridge,n2_vs_n3,accuracy,retention_flattened,full_log_psd,aperiodic_spectrum,flattened_log_psd,0.28857089180298373,0.18989465040015305,0.4406975296591239,0.95,5,10000
linear_ridge,n2_vs_n3,accuracy,drop_aperiodic,full_log_psd,aperiodic_spectrum,flattened_log_psd,0.13210546837941806,0.057317338654572114,0.20048988411081092,0.95,5,10000
linear_ridge,n2_vs_n3,accuracy,drop_flattened,full_log_psd,aperiodic_spectrum,flattened_log_psd,0.6349633798256508,0.47804150722608807,0.7471275346350297,0.95,5,10000
linear_ridge,five_stage,balanced_accuracy,full_log_psd,full_log_psd,aperiodic_spectrum,flattened_log_psd,0.7096276934979944,0.6787446550296635,0.7343511542295588,0.95,5,10000
linear_ridge,five_stage,balanced_accuracy,aperiodic_spectrum,full_log_psd,aperiodic_spectrum,flattened_log_psd,0.49902429606362075,0.48026504595162123,0.5149239464681326,0.95,5,10000
linear_ridge,five_stage,balanced_accuracy,flattened_log_psd,full_log_psd,aperiodic_spectrum,flattened_log_psd,0.2,0.2,0.2,0.95,5,10000
linear_ridge,five_stage,balanced_accuracy,retention_aperiodic,full_log_psd,aperiodic_spectrum,flattened_log_psd,0.703219872386549,0.6861110421140817,0.7255150422409314,0.95,5,10000
linear_ridge,five_stage,balanced_accuracy,retention_flattened,full_log_psd,aperiodic_spectrum,flattened_log_psd,0.2818379297094967,0.27234926894045547,0.29466162056371453,0.95,5,10000
linear_ridge,five_stage,balanced_accuracy,drop_aperiodic,full_log_psd,aperiodic_spectrum,flattened_log_psd,0.21060339743437362,0.18980889895387631,0.2290700218294075,0.95,5,10000
linear_ridge,five_stage,balanced_accuracy,drop_flattened,full_log_psd,aperiodic_spectrum,flattened_log_psd,0.5096276934979944,0.4787446550296635,0.5343511542295587,0.95,5,10000
linear_ridge,five_stage,macro_f1,full_log_psd,full_log_psd,aperiodic_spectrum,flattened_log_psd,0.6792172574671808,0.6501180011083081,0.7027182943531116,0.95,5,10000
linear_ridge,five_stage,macro_f1,aperiodic_spectrum,full_log_psd,aperiodic_spectrum,flattened_log_psd,0.3169409719575236,0.284185494027706,0.3570787965959033,0.95,5,10000
linear_ridge,five_stage,macro_f1,flattened_log_psd,full_log_psd,aperiodic_spectrum,flattened_log_psd,0.05901788295155199,0.05305782528112348,0.06748706254561283,0.95,5,10000
linear_ridge,five_stage,macro_f1,retention_aperiodic,full_log_psd,aperiodic_spectrum,flattened_log_psd,0.4666267949954701,0.4201794030878178,0.5305367860960482,0.95,5,10000
linear_ridge,five_stage,macro_f1,retention_flattened,full_log_psd,aperiodic_spectrum,flattened_log_psd,0.086891023899527,0.07741719135590111,0.09773991776442441,0.95,5,10000
linear_ridge,five_stage,macro_f1,drop_aperiodic,full_log_psd,aperiodic_spectrum,flattened_log_psd,0.3622762855096572,0.31317730272487077,0.4007961543525165,0.95,5,10000
linear_ridge,five_stage,macro_f1,drop_flattened,full_log_psd,aperiodic_spectrum,flattened_log_psd,0.6201993745156288,0.591660267026475,0.6419467448815215,0.95,5,10000
linear_ridge,five_stage,accuracy,full_log_psd,full_log_psd,aperiodic_spectrum,flattened_log_psd,0.7268645997822734,0.6885128236311925,0.7652163759333541,0.95,5,10000
linear_ridge,five_stage,accuracy,aperiodic_spectrum,full_log_psd,aperiodic_spectrum,flattened_log_psd,0.32149367000819035,0.2793932469677925,0.37376681300834635,0.95,5,10000
linear_ridge,five_stage,accuracy,flattened_log_psd,full_log_psd,aperiodic_spectrum,flattened_log_psd,0.17382608792356147,0.15305298965352918,0.20387865636711097,0.95,5,10000
linear_ridge,five_stage,accuracy,retention_aperiodic,full_log_psd,aperiodic_spectrum,flattened_log_psd,0.44230200522145563,0.3791032088564306,0.5286678886786422,0.95,5,10000
linear_ridge,five_stage,accuracy,retention_flattened,full_log_psd,aperiodic_spectrum,flattened_log_psd,0.23914507320294554,0.20681780089895993,0.27361662635688544,0.95,5,10000
linear_ridge,five_stage,accuracy,drop_aperiodic,full_log_psd,aperiodic_spectrum,flattened_log_psd,0.405370929774083,0.33307339426798416,0.4676010259420098,0.95,5,10000
linear_ridge,five_stage,accuracy,drop_flattened,full_log_psd,aperiodic_spectrum,flattened_log_psd,0.5530385118587119,0.5210617451779207,0.5903861125288472,0.95,5,10000
deep_mlp,wake_vs_sleep,balanced_accuracy,full_log_psd,full_log_psd,aperiodic_spectrum,flattened_log_psd,0.9461925324993624,0.9394743867337159,0.955097447632516,0.95,5,10000
deep_mlp,wake_vs_sleep,balanced_accuracy,aperiodic_spectrum,full_log_psd,aperiodic_spectrum,flattened_log_psd,0.8117036488856663,0.7619725766406347,0.8562540737157015,0.95,5,10000
deep_mlp,wake_vs_sleep,balanced_accuracy,flattened_log_psd,full_log_psd,aperiodic_spectrum,flattened_log_psd,0.5,0.5,0.5,0.95,5,10000
deep_mlp,wake_vs_sleep,balanced_accuracy,retention_aperiodic,full_log_psd,aperiodic_spectrum,flattened_log_psd,0.8578630891765289,0.8066251646076353,0.9001451411905208,0.95,5,10000
deep_mlp,wake_vs_sleep,balanced_accuracy,retention_flattened,full_log_psd,aperiodic_spectrum,flattened_log_psd,0.5284336779526813,0.5235067911022,0.5322124871741923,0.95,5,10000
deep_mlp,wake_vs_sleep,balanced_accuracy,drop_aperiodic,full_log_psd,aperiodic_spectrum,flattened_log_psd,0.13448888361369615,0.09532018589011504,0.18212114634208454,0.95,5,10000
deep_mlp,wake_vs_sleep,balanced_accuracy,drop_flattened,full_log_psd,aperiodic_spectrum,flattened_log_psd,0.4461925324993624,0.43947438673371586,0.45509744763251603,0.95,5,10000
deep_mlp,wake_vs_sleep,macro_f1,full_log_psd,full_log_psd,aperiodic_spectrum,flattened_log_psd,0.9206500381577032,0.9108447150372376,0.930154383048502,0.95,5,10000
deep_mlp,wake_vs_sleep,macro_f1,aperiodic_spectrum,full_log_psd,aperiodic_spectrum,flattened_log_psd,0.8558268871819721,0.8128141823716313,0.8956747917009157,0.95,5,10000
deep_mlp,wake_vs_sleep,macro_f1,flattened_log_psd,full_log_psd,aperiodic_spectrum,flattened_log_psd,0.14754470737888004,0.13155140227068615,0.1682992407161909,0.95,5,10000
deep_mlp,wake_vs_sleep,macro_f1,retention_aperiodic,full_log_psd,aperiodic_spectrum,flattened_log_psd,0.9295898025427256,0.8741666728693391,0.9743647660372503,0.95,5,10000
deep_mlp,wake_vs_sleep,macro_f1,retention_flattened,full_log_psd,aperiodic_spectrum,flattened_log_psd,0.16026144709028545,0.14269478142299732,0.18446175557347172,0.95,5,10000
deep_mlp,wake_vs_sleep,macro_f1,drop_aperiodic,full_log_psd,aperiodic_spectrum,flattened_log_psd,0.0648231509757311,0.023564925210885823,0.11650898115190422,0.95,5,10000
deep_mlp,wake_vs_sleep,macro_f1,drop_flattened,full_log_psd,aperiodic_spectrum,flattened_log_psd,0.7731053307788232,0.7440808902923572,0.7914047311974326,0.95,5,10000
deep_mlp,wake_vs_sleep,accuracy,full_log_psd,full_log_psd,aperiodic_spectrum,flattened_log_psd,0.9512623710755825,0.9376257234684079,0.9604883219879751,0.95,5,10000
deep_mlp,wake_vs_sleep,accuracy,aperiodic_spectrum,full_log_psd,aperiodic_spectrum,flattened_log_psd,0.9302491648882777,0.9132228583706429,0.9472754714059123,0.95,5,10000
deep_mlp,wake_vs_sleep,accuracy,flattened_log_psd,full_log_psd,aperiodic_spectrum,flattened_log_psd,0.17382608792356147,0.15305298965352918,0.20387865636711097,0.95,5,10000
deep_mlp,wake_vs_sleep,accuracy,retention_aperiodic,full_log_psd,aperiodic_spectrum,flattened_log_psd,0.9779101887909795,0.9563327936809706,0.9958680347486228,0.95,5,10000
deep_mlp,wake_vs_sleep,accuracy,retention_flattened,full_log_psd,aperiodic_spectrum,flattened_log_psd,0.1827320129640134,0.16047511097150552,0.21699613570297505,0.95,5,10000
deep_mlp,wake_vs_sleep,accuracy,drop_aperiodic,full_log_psd,aperiodic_spectrum,flattened_log_psd,0.021013206187304845,0.003897697094345398,0.04163607470773767,0.95,5,10000
deep_mlp,wake_vs_sleep,accuracy,drop_flattened,full_log_psd,aperiodic_spectrum,flattened_log_psd,0.7774362831520211,0.734975912477027,0.8043993759409902,0.95,5,10000
deep_mlp,n2_vs_n3,balanced_accuracy,full_log_psd,full_log_psd,aperiodic_spectrum,flattened_log_psd,0.9026382444320211,0.8717684535425775,0.928643997104355,0.95,5,10000
deep_mlp,n2_vs_n3,balanced_accuracy,aperiodic_spectrum,full_log_psd,aperiodic_spectrum,flattened_log_psd,0.8419805020099593,0.7847293740110176,0.8834755951186207,0.95,5,10000
deep_mlp,n2_vs_n3,balanced_accuracy,flattened_log_psd,full_log_psd,aperiodic_spectrum,flattened_log_psd,0.5007148971313785,0.5,0.5021446913941354,0.95,5,10000
deep_mlp,n2_vs_n3,balanced_accuracy,retention_aperiodic,full_log_psd,aperiodic_spectrum,flattened_log_psd,0.9327994988067116,0.9016662024288351,0.9559081782486757,0.95,5,10000
deep_mlp,n2_vs_n3,balanced_accuracy,retention_flattened,full_log_psd,aperiodic_spectrum,flattened_log_psd,0.5547237780141366,0.5384194605888496,0.5760069538575137,0.95,5,10000
deep_mlp,n2_vs_n3,balanced_accuracy,drop_aperiodic,full_log_psd,aperiodic_spectrum,flattened_log_psd,0.06065774242206179,0.04044175809563055,0.08589549164529997,0.95,5,10000
deep_mlp,n2_vs_n3,balanced_accuracy,drop_flattened,full_log_psd,aperiodic_spectrum,flattened_log_psd,0.4019233473006426,0.36962376214844206,0.42864399710435497,0.95,5,10000
deep_mlp,n2_vs_n3,macro_f1,full_log_psd,full_log_psd,aperiodic_spectrum,flattened_log_psd,0.8830138213506151,0.8561884576981763,0.9082469578072254,0.95,5,10000
deep_mlp,n2_vs_n3,macro_f1,aperiodic_spectrum,full_log_psd,aperiodic_spectrum,flattened_log_psd,0.8216144784971873,0.7677916789881268,0.8695168580437841,0.95,5,10000
deep_mlp,n2_vs_n3,macro_f1,flattened_log_psd,full_log_psd,aperiodic_spectrum,flattened_log_psd,0.2028771099442413,0.14873667107361208,0.2803825171866826,0.95,5,10000
deep_mlp,n2_vs_n3,macro_f1,retention_aperiodic,full_log_psd,aperiodic_spectrum,flattened_log_psd,0.930466158774826,0.8848749629473873,0.972134015395404,0.95,5,10000
deep_mlp,n2_vs_n3,macro_f1,retention_flattened,full_log_psd,aperiodic_spectrum,flattened_log_psd,0.22975530511394524,0.1637623663862371,0.3269607872299402,0.95,5,10000
deep_mlp,n2_vs_n3,macro_f1,drop_aperiodic,full_log_psd,aperiodic_spectrum,flattened_log_psd,0.06139934285342785,0.024775831206339305,0.09856872791652183,0.95,5,10000
deep_mlp,n2_vs_n3,macro_f1,drop_flattened,full_log_psd,aperiodic_spectrum,flattened_log_psd,0.6801367114063739,0.5782793177145021,0.7595102867336133,0.95,5,10000
deep_mlp,n2_vs_n3,accuracy,full_log_psd,full_log_psd,aperiodic_spectrum,flattened_log_psd,0.9094351475569343,0.8709873299596189,0.9442968576504553,0.95,5,10000
deep_mlp,n2_vs_n3,accuracy,aperiodic_spectrum,full_log_psd,aperiodic_spectrum,flattened_log_psd,0.8629535154000934,0.7928316552045338,0.9212510569876491,0.95,5,10000
deep_mlp,n2_vs_n3,accuracy,flattened_log_psd,full_log_psd,aperiodic_spectrum,flattened_log_psd,0.26373334030133005,0.17513218751601492,0.3925645207815648,0.95,5,10000
deep_mlp,n2_vs_n3,accuracy,retention_aperiodic,full_log_psd,aperiodic_spectrum,flattened_log_psd,0.9488895582255567,0.9050707976009404,0.9861268215009579,0.95,5,10000
deep_mlp,n2_vs_n3,accuracy,retention_flattened,full_log_psd,aperiodic_spectrum,flattened_log_psd,0.28999686344849485,0.18546306290986572,0.45108084612664845,0.95,5,10000
deep_mlp,n2_vs_n3,accuracy,drop_aperiodic,full_log_psd,aperiodic_spectrum,flattened_log_psd,0.04648163215684098,0.012823199775648053,0.08543515866040197,0.95,5,10000
deep_mlp,n2_vs_n3,accuracy,drop_flattened,full_log_psd,aperiodic_spectrum,flattened_log_psd,0.6457018072556042,0.4777107838615984,0.7691646701344405,0.95,5,10000
deep_mlp,five_stage,balanced_accuracy,full_log_psd,full_log_psd,aperiodic_spectrum,flattened_log_psd,0.7363051825527519,0.7045121620097055,0.7688601329793292,0.95,5,10000
deep_mlp,five_stage,balanced_accuracy,aperiodic_spectrum,full_log_psd,aperiodic_spectrum,flattened_log_psd,0.5758619632663098,0.5271397580132083,0.6281485525693707,0.95,5,10000
deep_mlp,five_stage,balanced_accuracy,flattened_log_psd,full_log_psd,aperiodic_spectrum,flattened_log_psd,0.2,0.2,0.2,0.95,5,10000
deep_mlp,five_stage,balanced_accuracy,retention_aperiodic,full_log_psd,aperiodic_spectrum,flattened_log_psd,0.7820968491214615,0.7121253758297179,0.8591385447386806,0.95,5,10000
deep_mlp,five_stage,balanced_accuracy,retention_flattened,full_log_psd,aperiodic_spectrum,flattened_log_psd,0.27162650044999676,0.26012533544300315,0.2838843823923153,0.95,5,10000
deep_mlp,five_stage,balanced_accuracy,drop_aperiodic,full_log_psd,aperiodic_spectrum,flattened_log_psd,0.16044321928644212,0.10082554502951357,0.218057022406693,0.95,5,10000
deep_mlp,five_stage,balanced_accuracy,drop_flattened,full_log_psd,aperiodic_spectrum,flattened_log_psd,0.5363051825527518,0.5045121620097055,0.5688601329793292,0.95,5,10000
deep_mlp,five_stage,macro_f1,full_log_psd,full_log_psd,aperiodic_spectrum,flattened_log_psd,0.7144601393970141,0.6850508412538966,0.7443945822175022,0.95,5,10000
deep_mlp,five_stage,macro_f1,aperiodic_spectrum,full_log_psd,aperiodic_spectrum,flattened_log_psd,0.5165324501904893,0.46437612509748816,0.5686887752834905,0.95,5,10000
deep_mlp,five_stage,macro_f1,flattened_log_psd,full_log_psd,aperiodic_spectrum,flattened_log_psd,0.05901788295155199,0.05305782528112348,0.06748706254561283,0.95,5,10000
deep_mlp,five_stage,macro_f1,retention_aperiodic,full_log_psd,aperiodic_spectrum,flattened_log_psd,0.7229688847672164,0.6421166152582988,0.817692480374423,0.95,5,10000
deep_mlp,five_stage,macro_f1,retention_flattened,full_log_psd,aperiodic_spectrum,flattened_log_psd,0.08260486442443318,0.07315468762419747,0.09230725725942727,0.95,5,10000
deep_mlp,five_stage,macro_f1,drop_aperiodic,full_log_psd,aperiodic_spectrum,flattened_log_psd,0.19792768920652482,0.12630199190102298,0.2619418503552324,0.95,5,10000
deep_mlp,five_stage,macro_f1,drop_flattened,full_log_psd,aperiodic_spectrum,flattened_log_psd,0.6554422564454622,0.6285420802259769,0.6850827851560524,0.95,5,10000
deep_mlp,five_stage,accuracy,full_log_psd,full_log_psd,aperiodic_spectrum,flattened_log_psd,0.7588148137923967,0.7132556645711272,0.8043739630136664,0.95,5,10000
deep_mlp,five_stage,accuracy,aperiodic_spectrum,full_log_psd,aperiodic_spectrum,flattened_log_psd,0.51707616125695,0.43806191436210823,0.5960904081517917,0.95,5,10000
deep_mlp,five_stage,accuracy,flattened_log_psd,full_log_psd,aperiodic_spectrum,flattened_log_psd,0.17382608792356147,0.15305298965352918,0.20387865636711097,0.95,5,10000
deep_mlp,five_stage,accuracy,retention_aperiodic,full_log_psd,aperiodic_spectrum,flattened_log_psd,0.6814260236601236,0.5760160873033622,0.7873060076310602,0.95,5,10000
deep_mlp,five_stage,accuracy,retention_flattened,full_log_psd,aperiodic_spectrum,flattened_log_psd,0.22907577021963407,0.19892911088225199,0.25797070948530926,0.95,5,10000
deep_mlp,five_stage,accuracy,drop_aperiodic,full_log_psd,aperiodic_spectrum,flattened_log_psd,0.24173865253544669,0.16103630290351867,0.33690345305201486,0.95,5,10000
deep_mlp,five_stage,accuracy,drop_flattened,full_log_psd,aperiodic_spectrum,flattened_log_psd,0.5849887258688352,0.5435612440724327,0.6239906508801574,0.95,5,10000
raw_cnn,wake_vs_sleep,balanced_accuracy,raw_eeg,raw_eeg,phase_aperiodic,phase_flattened,0.9574132482135169,0.9438302167633914,0.9708481368357811,0.95,5,10000
raw_cnn,wake_vs_sleep,balanced_accuracy,phase_aperiodic,raw_eeg,phase_aperiodic,phase_flattened,0.8934726432895184,0.8648428173826579,0.9274441497600645,0.95,5,10000
raw_cnn,wake_vs_sleep,balanced_accuracy,phase_flattened,raw_eeg,phase_aperiodic,phase_flattened,0.5377735427396907,0.5020925646419139,0.5944872727725531,0.95,5,10000
raw_cnn,wake_vs_sleep,balanced_accuracy,retention_aperiodic,raw_eeg,phase_aperiodic,phase_flattened,0.9332152494825945,0.9063739674647548,0.9594920228847944,0.95,5,10000
raw_cnn,wake_vs_sleep,balanced_accuracy,retention_flattened,raw_eeg,phase_aperiodic,phase_flattened,0.5616942775161593,0.5250753090322767,0.6196168040564536,0.95,5,10000
raw_cnn,wake_vs_sleep,balanced_accuracy,drop_aperiodic,raw_eeg,phase_aperiodic,phase_flattened,0.06394060492399856,0.03888674351561594,0.08939738858540358,0.95,5,10000
raw_cnn,wake_vs_sleep,balanced_accuracy,drop_flattened,raw_eeg,phase_aperiodic,phase_flattened,0.41963970547382623,0.36325399040052886,0.45831868391968655,0.95,5,10000
raw_cnn,wake_vs_sleep,macro_f1,raw_eeg,raw_eeg,phase_aperiodic,phase_flattened,0.9407868427836433,0.9202390498635136,0.9564795992539196,0.95,5,10000
raw_cnn,wake_vs_sleep,macro_f1,phase_aperiodic,raw_eeg,phase_aperiodic,phase_flattened,0.9047295423587405,0.8743603701668231,0.935098714550658,0.95,5,10000
raw_cnn,wake_vs_sleep,macro_f1,phase_flattened,raw_eeg,phase_aperiodic,phase_flattened,0.2184139818730681,0.15637326230352186,0.31655845361001556,0.95,5,10000
raw_cnn,wake_vs_sleep,macro_f1,retention_aperiodic,raw_eeg,phase_aperiodic,phase_flattened,0.9616732518088636,0.938362509230821,0.9903194112868455,0.95,5,10000
raw_cnn,wake_vs_sleep,macro_f1,retention_flattened,raw_eeg,phase_aperiodic,phase_flattened,0.2321609656304448,0.16923825132574807,0.33351792565940863,0.95,5,10000
raw_cnn,wake_vs_sleep,macro_f1,drop_aperiodic,raw_eeg,phase_aperiodic,phase_flattened,0.03605730042490285,0.009154370102793963,0.05761627183402285,0.95,5,10000
raw_cnn,wake_vs_sleep,macro_f1,drop_flattened,raw_eeg,phase_aperiodic,phase_flattened,0.7223728609105753,0.6309772338035156,0.7779567371229852,0.95,5,10000
raw_cnn,wake_vs_sleep,accuracy,raw_eeg,raw_eeg,phase_aperiodic,phase_flattened,0.9653136314183023,0.9530770132707035,0.9733485469385184,0.95,5,10000
raw_cnn,wake_vs_sleep,accuracy,phase_aperiodic,raw_eeg,phase_aperiodic,phase_flattened,0.9467133373504624,0.9284594128101723,0.9650875483185167,0.95,5,10000
raw_cnn,wake_vs_sleep,accuracy,phase_flattened,raw_eeg,phase_aperiodic,phase_flattened,0.23707209140689206,0.1761667442559395,0.3286866140187742,0.95,5,10000
raw_cnn,wake_vs_sleep,accuracy,retention_aperiodic,raw_eeg,phase_aperiodic,phase_flattened,0.9807313463081309,0.9686594659064149,0.9957868286808442,0.95,5,10000
raw_cnn,wake_vs_sleep,accuracy,retention_flattened,raw_eeg,phase_aperiodic,phase_flattened,0.24559074241867915,0.18375632884442605,0.33831850804925895,0.95,5,10000
raw_cnn,wake_vs_sleep,accuracy,drop_aperiodic,raw_eeg,phase_aperiodic,phase_flattened,0.018600294067839918,0.004084734198882997,0.030189985053444945,0.95,5,10000
raw_cnn,wake_vs_sleep,accuracy,drop_flattened,raw_eeg,phase_aperiodic,phase_flattened,0.7282415400114102,0.6445325876367622,0.7825308166051501,0.95,5,10000
raw_cnn,n2_vs_n3,balanced_accuracy,raw_eeg,raw_eeg,phase_aperiodic,phase_flattened,0.9363922328525405,0.9143498041768204,0.95475368335723,0.95,5,10000
raw_cnn,n2_vs_n3,balanced_accuracy,phase_aperiodic,raw_eeg,phase_aperiodic,phase_flattened,0.901756190869728,0.8348997022655779,0.9449975292043359,0.95,5,10000
raw_cnn,n2_vs_n3,balanced_accuracy,phase_flattened,raw_eeg,phase_aperiodic,phase_flattened,0.9350671862533757,0.921881458197363,0.9482529143093885,0.95,5,10000
raw_cnn,n2_vs_n3,balanced_accuracy,retention_aperiodic,raw_eeg,phase_aperiodic,phase_flattened,0.9630111818876366,0.9137423086397974,0.9953457696634572,0.95,5,10000
raw_cnn,n2_vs_n3,balanced_accuracy,retention_flattened,raw_eeg,phase_aperiodic,phase_flattened,0.9985849449059095,0.9900582193684152,1.0106384129766441,0.95,5,10000
raw_cnn,n2_vs_n3,balanced_accuracy,drop_aperiodic,raw_eeg,phase_aperiodic,phase_flattened,0.03463604198281245,0.004421872197316934,0.0793791591011439,0.95,5,10000
raw_cnn,n2_vs_n3,balanced_accuracy,drop_flattened,raw_eeg,phase_aperiodic,phase_flattened,0.0013250465991647697,-0.009757316883244216,0.009386509659195297,0.95,5,10000
raw_cnn,n2_vs_n3,macro_f1,raw_eeg,raw_eeg,phase_aperiodic,phase_flattened,0.9227644935057129,0.9051110386802833,0.9392701870948723,0.95,5,10000
raw_cnn,n2_vs_n3,macro_f1,phase_aperiodic,raw_eeg,phase_aperiodic,phase_flattened,0.8547934890214648,0.8014807692026762,0.9046239191954848,0.95,5,10000
raw_cnn,n2_vs_n3,macro_f1,phase_flattened,raw_eeg,phase_aperiodic,phase_flattened,0.910892888062224,0.8917632879661843,0.9278476153622934,0.95,5,10000
raw_cnn,n2_vs_n3,macro_f1,retention_aperiodic,raw_eeg,phase_aperiodic,phase_flattened,0.9263398137199486,0.8805547557080472,0.966442375173179,0.95,5,10000
raw_cnn,n2_vs_n3,macro_f1,retention_flattened,raw_eeg,phase_aperiodic,phase_flattened,0.9871347396578005,0.9674925390251843,1.0090698990729448,0.95,5,10000
raw_cnn,n2_vs_n3,macro_f1,drop_aperiodic,raw_eeg,phase_aperiodic,phase_flattened,0.06797100448424809,0.03141111241556516,0.10811120912650962,0.95,5,10000
raw_cnn,n2_vs_n3,macro_f1,drop_flattened,raw_eeg,phase_aperiodic,phase_flattened,0.011871605443488864,-0.00824615586901667,0.03006425848115024,0.95,5,10000
raw_cnn,n2_vs_n3,accuracy,raw_eeg,raw_eeg,phase_aperiodic,phase_flattened,0.9414300368755374,0.915843903824309,0.9614087011792709,0.95,5,10000
raw_cnn,n2_vs_n3,accuracy,phase_aperiodic,raw_eeg,phase_aperiodic,phase_flattened,0.8838225473774923,0.8218804865609775,0.9314982746545037,0.95,5,10000
raw_cnn,n2_vs_n3,accuracy,phase_flattened,raw_eeg,phase_aperiodic,phase_flattened,0.9337394965848189,0.9188440446737631,0.9507086218688177,0.95,5,10000
raw_cnn,n2_vs_n3,accuracy,retention_aperiodic,raw_eeg,phase_aperiodic,phase_flattened,0.9388085282585251,0.894831933927394,0.9732069417453789,0.95,5,10000
raw_cnn,n2_vs_n3,accuracy,retention_flattened,raw_eeg,phase_aperiodic,phase_flattened,0.9918310017850692,0.97657284487149,1.0097532258457702,0.95,5,10000
raw_cnn,n2_vs_n3,accuracy,drop_aperiodic,raw_eeg,phase_aperiodic,phase_flattened,0.05760748949804506,0.025656172238450736,0.09640268851839207,0.95,5,10000
raw_cnn,n2_vs_n3,accuracy,drop_flattened,raw_eeg,phase_aperiodic,phase_flattened,0.007690540290718473,-0.008942369444841503,0.02211538461538476,0.95,5,10000
raw_cnn,five_stage,balanced_accuracy,raw_eeg,raw_eeg,phase_aperiodic,phase_flattened,0.7747002320090969,0.7378888296615587,0.8115116343566351,0.95,5,10000
raw_cnn,five_stage,balanced_accuracy,phase_aperiodic,raw_eeg,phase_aperiodic,phase_flattened,0.6655247873265892,0.6387055319568129,0.7097608059887992,0.95,5,10000
raw_cnn,five_stage,balanced_accuracy,phase_flattened,raw_eeg,phase_aperiodic,phase_flattened,0.34563621443280307,0.32121690454446894,0.37005552432113714,0.95,5,10000
raw_cnn,five_stage,balanced_accuracy,retention_aperiodic,raw_eeg,phase_aperiodic,phase_flattened,0.8590739486428529,0.7982075946607304,0.915992319553344,0.95,5,10000
raw_cnn,five_stage,balanced_accuracy,retention_flattened,raw_eeg,phase_aperiodic,phase_flattened,0.4461547836850841,0.4334638851123323,0.4648310932159861,0.95,5,10000
raw_cnn,five_stage,balanced_accuracy,drop_aperiodic,raw_eeg,phase_aperiodic,phase_flattened,0.10917544468250773,0.06346249479119381,0.16392253643584598,0.95,5,10000
raw_cnn,five_stage,balanced_accuracy,drop_flattened,raw_eeg,phase_aperiodic,phase_flattened,0.4290640175762938,0.4101381679510194,0.4516489008723902,0.95,5,10000
raw_cnn,five_stage,macro_f1,raw_eeg,raw_eeg,phase_aperiodic,phase_flattened,0.7525452125949114,0.717339240474817,0.7925233487344518,0.95,5,10000
raw_cnn,five_stage,macro_f1,phase_aperiodic,raw_eeg,phase_aperiodic,phase_flattened,0.5961414943110536,0.5700615346523845,0.6287496884785421,0.95,5,10000
raw_cnn,five_stage,macro_f1,phase_flattened,raw_eeg,phase_aperiodic,phase_flattened,0.24713328235214616,0.22164011050861615,0.2813174223808314,0.95,5,10000
raw_cnn,five_stage,macro_f1,retention_aperiodic,raw_eeg,phase_aperiodic,phase_flattened,0.7921670144647527,0.7204552027398928,0.8573636144993865,0.95,5,10000
raw_cnn,five_stage,macro_f1,retention_flattened,raw_eeg,phase_aperiodic,phase_flattened,0.3283965909503113,0.30428347124780664,0.35599043185680557,0.95,5,10000
raw_cnn,five_stage,macro_f1,drop_aperiodic,raw_eeg,phase_aperiodic,phase_flattened,0.1564037182838578,0.10342456848565762,0.2211903467754116,0.95,5,10000
raw_cnn,five_stage,macro_f1,drop_flattened,raw_eeg,phase_aperiodic,phase_flattened,0.5054119302427652,0.489614565411543,0.5236756351865466,0.95,5,10000
raw_cnn,five_stage,accuracy,raw_eeg,raw_eeg,phase_aperiodic,phase_flattened,0.8026242817922913,0.7783578252021532,0.8385549027529862,0.95,5,10000
raw_cnn,five_stage,accuracy,phase_aperiodic,raw_eeg,phase_aperiodic,phase_flattened,0.6073124719195712,0.5554169377848628,0.6485413010407773,0.95,5,10000
raw_cnn,five_stage,accuracy,phase_flattened,raw_eeg,phase_aperiodic,phase_flattened,0.28197964060237146,0.2496569315412442,0.32962980094727634,0.95,5,10000
raw_cnn,five_stage,accuracy,retention_aperiodic,raw_eeg,phase_aperiodic,phase_flattened,0.7566584835477675,0.6939476753623267,0.8221554953108969,0.95,5,10000
raw_cnn,five_stage,accuracy,retention_flattened,raw_eeg,phase_aperiodic,phase_flattened,0.3513220905461519,0.31800611289929687,0.3943738425384498,0.95,5,10000
raw_cnn,five_stage,accuracy,drop_aperiodic,raw_eeg,phase_aperiodic,phase_flattened,0.19531180987272012,0.13964025155449278,0.25098336819094746,0.95,5,10000
raw_cnn,five_stage,accuracy,drop_flattened,raw_eeg,phase_aperiodic,phase_flattened,0.5206446411899198,0.5058766148964161,0.5354126674834236,0.95,5,10000
braindecode_eegnet,wake_vs_sleep,balanced_accuracy,raw_eeg,raw_eeg,phase_aperiodic,phase_flattened,0.9574224727653782,0.9453522250080221,0.9673569141247983,0.95,5,10000
braindecode_eegnet,wake_vs_sleep,balanced_accuracy,phase_aperiodic,raw_eeg,phase_aperiodic,phase_flattened,0.8942419790493232,0.8617924989637924,0.9267706878513705,0.95,5,10000
braindecode_eegnet,wake_vs_sleep,balanced_accuracy,phase_flattened,raw_eeg,phase_aperiodic,phase_flattened,0.5761255447997248,0.5379586140488526,0.6252157659007037,0.95,5,10000
braindecode_eegnet,wake_vs_sleep,balanced_accuracy,retention_aperiodic,raw_eeg,phase_aperiodic,phase_flattened,0.9340098070462384,0.9071818469974138,0.9668863752053595,0.95,5,10000
braindecode_eegnet,wake_vs_sleep,balanced_accuracy,retention_flattened,raw_eeg,phase_aperiodic,phase_flattened,0.6017464193582884,0.5565403734872533,0.6578166254287731,0.95,5,10000
braindecode_eegnet,wake_vs_sleep,balanced_accuracy,drop_aperiodic,raw_eeg,phase_aperiodic,phase_flattened,0.06318049371605494,0.031942954298664006,0.08878120626294961,0.95,5,10000
braindecode_eegnet,wake_vs_sleep,balanced_accuracy,drop_flattened,raw_eeg,phase_aperiodic,phase_flattened,0.3812969279656534,0.3252250434862287,0.42865340491040393,0.95,5,10000
braindecode_eegnet,wake_vs_sleep,macro_f1,raw_eeg,raw_eeg,phase_aperiodic,phase_flattened,0.9339030497045971,0.9147771495670252,0.9530289498421691,0.95,5,10000
braindecode_eegnet,wake_vs_sleep,macro_f1,phase_aperiodic,raw_eeg,phase_aperiodic,phase_flattened,0.9004340854530147,0.8765238737666644,0.9243442971393652,0.95,5,10000
braindecode_eegnet,wake_vs_sleep,macro_f1,phase_flattened,raw_eeg,phase_aperiodic,phase_flattened,0.2920191637759837,0.2311339401666075,0.3626192544723156,0.95,5,10000
braindecode_eegnet,wake_vs_sleep,macro_f1,retention_aperiodic,raw_eeg,phase_aperiodic,phase_flattened,0.9641622711670457,0.939396712204753,0.9968622588010987,0.95,5,10000
braindecode_eegnet,wake_vs_sleep,macro_f1,retention_flattened,raw_eeg,phase_aperiodic,phase_flattened,0.3126868081952964,0.2478857622335769,0.3881455239315271,0.95,5,10000
braindecode_eegnet,wake_vs_sleep,macro_f1,drop_aperiodic,raw_eeg,phase_aperiodic,phase_flattened,0.03346896425158241,0.002893924256855862,0.05654717319226443,0.95,5,10000
braindecode_eegnet,wake_vs_sleep,macro_f1,drop_flattened,raw_eeg,phase_aperiodic,phase_flattened,0.6418838859286135,0.5686093030408998,0.703027541487189,0.95,5,10000
braindecode_eegnet,wake_vs_sleep,accuracy,raw_eeg,raw_eeg,phase_aperiodic,phase_flattened,0.9610047875494399,0.9511346246630416,0.9708749504358382,0.95,5,10000
braindecode_eegnet,wake_vs_sleep,accuracy,phase_aperiodic,raw_eeg,phase_aperiodic,phase_flattened,0.9443694839049934,0.9305749277935547,0.9581640400164323,0.95,5,10000
braindecode_eegnet,wake_vs_sleep,accuracy,phase_flattened,raw_eeg,phase_aperiodic,phase_flattened,0.3006383011764736,0.2358064312920599,0.37233392489846084,0.95,5,10000
braindecode_eegnet,wake_vs_sleep,accuracy,retention_aperiodic,raw_eeg,phase_aperiodic,phase_flattened,0.9826896766176718,0.969300205331249,1.0009253333514605,0.95,5,10000
braindecode_eegnet,wake_vs_sleep,accuracy,retention_flattened,raw_eeg,phase_aperiodic,phase_flattened,0.31283746456987027,0.24767210423348673,0.38468911807435097,0.95,5,10000
braindecode_eegnet,wake_vs_sleep,accuracy,drop_aperiodic,raw_eeg,phase_aperiodic,phase_flattened,0.01663530364444643,-0.0008849658481047129,0.029473282941673284,0.95,5,10000
braindecode_eegnet,wake_vs_sleep,accuracy,drop_flattened,raw_eeg,phase_aperiodic,phase_flattened,0.6603664863729662,0.59203587975569,0.7209473788450597,0.95,5,10000
braindecode_eegnet,n2_vs_n3,balanced_accuracy,raw_eeg,raw_eeg,phase_aperiodic,phase_flattened,0.9265826066098379,0.8960967227199935,0.9455337435025344,0.95,5,10000
braindecode_eegnet,n2_vs_n3,balanced_accuracy,phase_aperiodic,raw_eeg,phase_aperiodic,phase_flattened,0.8860663713947057,0.8038592271735654,0.9365902055238449,0.95,5,10000
braindecode_eegnet,n2_vs_n3,balanced_accuracy,phase_flattened,raw_eeg,phase_aperiodic,phase_flattened,0.8931323705189209,0.807192821135828,0.9420406888381576,0.95,5,10000
braindecode_eegnet,n2_vs_n3,balanced_accuracy,retention_aperiodic,raw_eeg,phase_aperiodic,phase_flattened,0.9562734774793882,0.8970348095708853,0.9941876825500414,0.95,5,10000
braindecode_eegnet,n2_vs_n3,balanced_accuracy,retention_flattened,raw_eeg,phase_aperiodic,phase_flattened,0.9638993481506154,0.8989539233911518,1.0016251646154795,0.95,5,10000
braindecode_eegnet,n2_vs_n3,balanced_accuracy,drop_aperiodic,raw_eeg,phase_aperiodic,phase_flattened,0.04051623521513226,0.005464744533643651,0.09249840918502628,0.95,5,10000
braindecode_eegnet,n2_vs_n3,balanced_accuracy,drop_flattened,raw_eeg,phase_aperiodic,phase_flattened,0.03345023609091702,-0.0015214122304670038,0.09085862611284223,0.95,5,10000
braindecode_eegnet,n2_vs_n3,macro_f1,raw_eeg,raw_eeg,phase_aperiodic,phase_flattened,0.9161439448086502,0.8880447373588943,0.9347332226684142,0.95,5,10000
braindecode_eegnet,n2_vs_n3,macro_f1,phase_aperiodic,raw_eeg,phase_aperiodic,phase_flattened,0.824052524813399,0.7492903761393632,0.8816950672414083,0.95,5,10000
braindecode_eegnet,n2_vs_n3,macro_f1,phase_flattened,raw_eeg,phase_aperiodic,phase_flattened,0.8409381459734353,0.7652895032114746,0.8900672842543766,0.95,5,10000
braindecode_eegnet,n2_vs_n3,macro_f1,retention_aperiodic,raw_eeg,phase_aperiodic,phase_flattened,0.8994793116113583,0.8448314520619148,0.9464194364986401,0.95,5,10000
braindecode_eegnet,n2_vs_n3,macro_f1,retention_flattened,raw_eeg,phase_aperiodic,phase_flattened,0.9179104994784169,0.8614143479155348,0.9554062497428706,0.95,5,10000
braindecode_eegnet,n2_vs_n3,macro_f1,drop_aperiodic,raw_eeg,phase_aperiodic,phase_flattened,0.09209141999525128,0.04991625987092885,0.13822273280610564,0.95,5,10000
braindecode_eegnet,n2_vs_n3,macro_f1,drop_flattened,raw_eeg,phase_aperiodic,phase_flattened,0.07520579883521494,0.041544042857960206,0.12290166498431487,0.95,5,10000
braindecode_eegnet,n2_vs_n3,accuracy,raw_eeg,raw_eeg,phase_aperiodic,phase_flattened,0.9359480913201436,0.89913446618271,0.959915611814346,0.95,5,10000
braindecode_eegnet,n2_vs_n3,accuracy,phase_aperiodic,raw_eeg,phase_aperiodic,phase_flattened,0.8576588328804581,0.784356401355804,0.9124491008843106,0.95,5,10000
braindecode_eegnet,n2_vs_n3,accuracy,phase_flattened,raw_eeg,phase_aperiodic,phase_flattened,0.8724563317390016,0.7917337207276332,0.9204638574283811,0.95,5,10000
braindecode_eegnet,n2_vs_n3,accuracy,retention_aperiodic,raw_eeg,phase_aperiodic,phase_flattened,0.9163529909770323,0.8668338243059536,0.9565195966941643,0.95,5,10000
braindecode_eegnet,n2_vs_n3,accuracy,retention_flattened,raw_eeg,phase_aperiodic,phase_flattened,0.9321631614296177,0.8810223151778364,0.9639184447161415,0.95,5,10000
braindecode_eegnet,n2_vs_n3,accuracy,drop_aperiodic,raw_eeg,phase_aperiodic,phase_flattened,0.07828925843968548,0.041477095753828186,0.11976793803109465,0.95,5,10000
braindecode_eegnet,n2_vs_n3,accuracy,drop_flattened,raw_eeg,phase_aperiodic,phase_flattened,0.06349175958114195,0.03441914080071984,0.10700699264356095,0.95,5,10000
braindecode_eegnet,five_stage,balanced_accuracy,raw_eeg,raw_eeg,phase_aperiodic,phase_flattened,0.7521868986116051,0.7287043682056871,0.7747547278887212,0.95,5,10000
braindecode_eegnet,five_stage,balanced_accuracy,phase_aperiodic,raw_eeg,phase_aperiodic,phase_flattened,0.6228817302284071,0.6092081475249003,0.6365553129319139,0.95,5,10000
braindecode_eegnet,five_stage,balanced_accuracy,phase_flattened,raw_eeg,phase_aperiodic,phase_flattened,0.4676662186164946,0.4425516494752597,0.4927807877577296,0.95,5,10000
braindecode_eegnet,five_stage,balanced_accuracy,retention_aperiodic,raw_eeg,phase_aperiodic,phase_flattened,0.828094362422596,0.8013978370689109,0.8531619798434147,0.95,5,10000
braindecode_eegnet,five_stage,balanced_accuracy,retention_flattened,raw_eeg,phase_aperiodic,phase_flattened,0.6217420424095634,0.6000941693888265,0.6446646657974706,0.95,5,10000
braindecode_eegnet,five_stage,balanced_accuracy,drop_aperiodic,raw_eeg,phase_aperiodic,phase_flattened,0.12930516838319805,0.10807530060962423,0.15385662280380985,0.95,5,10000
braindecode_eegnet,five_stage,balanced_accuracy,drop_flattened,raw_eeg,phase_aperiodic,phase_flattened,0.28452067999511055,0.2684120159688647,0.3006315830530525,0.95,5,10000
braindecode_eegnet,five_stage,macro_f1,raw_eeg,raw_eeg,phase_aperiodic,phase_flattened,0.729581012721328,0.7088642538731962,0.7542183643706288,0.95,5,10000
braindecode_eegnet,five_stage,macro_f1,phase_aperiodic,raw_eeg,phase_aperiodic,phase_flattened,0.5490433050827018,0.527345566020676,0.570741044144728,0.95,5,10000
braindecode_eegnet,five_stage,macro_f1,phase_flattened,raw_eeg,phase_aperiodic,phase_flattened,0.39060166531110874,0.3660333358570451,0.42596295236712456,0.95,5,10000
braindecode_eegnet,five_stage,macro_f1,retention_aperiodic,raw_eeg,phase_aperiodic,phase_flattened,0.7525460442491193,0.7200051887944648,0.7861747325192854,0.95,5,10000
braindecode_eegnet,five_stage,macro_f1,retention_flattened,raw_eeg,phase_aperiodic,phase_flattened,0.5353780574060849,0.515222845689284,0.5632903011704473,0.95,5,10000
braindecode_eegnet,five_stage,macro_f1,drop_aperiodic,raw_eeg,phase_aperiodic,phase_flattened,0.1805377076386262,0.15292355698113658,0.20763726002889527,0.95,5,10000
braindecode_eegnet,five_stage,macro_f1,drop_flattened,raw_eeg,phase_aperiodic,phase_flattened,0.3389793474102193,0.32890850114200343,0.3474536841639933,0.95,5,10000
braindecode_eegnet,five_stage,accuracy,raw_eeg,raw_eeg,phase_aperiodic,phase_flattened,0.7721151046924255,0.744758565195781,0.8062293731024675,0.95,5,10000
braindecode_eegnet,five_stage,accuracy,phase_aperiodic,raw_eeg,phase_aperiodic,phase_flattened,0.5532755690416566,0.5013638987483935,0.5979570688761054,0.95,5,10000
braindecode_eegnet,five_stage,accuracy,phase_flattened,raw_eeg,phase_aperiodic,phase_flattened,0.4620176109193851,0.4202726939412696,0.5168688519195455,0.95,5,10000
braindecode_eegnet,five_stage,accuracy,retention_aperiodic,raw_eeg,phase_aperiodic,phase_flattened,0.716571357922153,0.6681738412638879,0.763615970770784,0.95,5,10000
braindecode_eegnet,five_stage,accuracy,retention_flattened,raw_eeg,phase_aperiodic,phase_flattened,0.5983791899828604,0.564307702670116,0.6410940473807993,0.95,5,10000
braindecode_eegnet,five_stage,accuracy,drop_aperiodic,raw_eeg,phase_aperiodic,phase_flattened,0.21883953565076886,0.1828740621987871,0.25326431664166005,0.95,5,10000
braindecode_eegnet,five_stage,accuracy,drop_flattened,raw_eeg,phase_aperiodic,phase_flattened,0.3100974937730404,0.28981215088140166,0.3244966085421151,0.95,5,10000
